"Fecha","Cierre","Apertura","Máximo","Mínimo","Vol.","% var."
"11.04.2023","38.870","38.640","39.360","38.350","513.71K","0.08%"
"10.04.2023","38.840","37.700","39.070","37.570","272.67K","2.53%"
"05.04.2023","37.880","38.570","38.660","37.740","1.06M","-1.35%"
"04.04.2023","38.400","38.290","38.800","38.040","577.09K","0.18%"
"03.04.2023","38.330","38.890","38.890","38.070","216.51K","-0.73%"
"31.03.2023","38.610","38.800","38.900","38.020","623.74K","-0.08%"
"30.03.2023","38.640","38.640","39.120","38.380","572.10K","0.18%"
"29.03.2023","38.570","38.430","38.860","38.080","1.38M","1.21%"
"28.03.2023","38.110","37.890","38.450","37.880","1.11M","0.24%"
"27.03.2023","38.020","38.440","38.780","37.840","377.04K","-0.37%"
"24.03.2023","38.160","37.840","38.290","37.840","870.69K","0.32%"
"23.03.2023","38.040","38.080","38.180","37.870","1.35M","0.05%"
"22.03.2023","38.020","38.260","38.690","37.740","1.11M","-1.30%"
"21.03.2023","38.520","38.760","39.160","37.900","2.11M","-0.13%"
"17.03.2023","38.570","37.950","39.200","37.250","6.27M","1.77%"
"16.03.2023","37.900","36.960","38.450","36.930","1.57M","2.52%"
"15.03.2023","36.970","36.670","37.720","36.300","1.22M","0.65%"
"14.03.2023","36.730","36.410","37.530","36.170","904.06K","1.05%"
"13.03.2023","36.350","35.620","37.380","35.430","2.74M","1.45%"
"10.03.2023","35.830","35.920","35.990","35.310","1.15M","-0.53%"
"09.03.2023","36.020","36.640","36.740","35.810","898.45K","-1.75%"
"08.03.2023","36.660","36.890","36.890","35.800","1.54M","1.50%"
"07.03.2023","36.120","36.110","36.570","35.600","1.41M","-0.50%"
"06.03.2023","36.300","36.290","36.790","36.140","757.87K","0.75%"
"03.03.2023","36.030","36.340","36.980","35.900","1.12M","-0.52%"
"02.03.2023","36.220","36.170","36.350","35.780","1.02M","0.58%"
"01.03.2023","36.010","35.910","36.680","35.510","1.20M","1.21%"
"28.02.2023","35.580","35.680","36.230","35.420","1.19M","-0.20%"
"27.02.2023","35.650","36.150","36.150","35.500","803.23K","-0.94%"
"24.02.2023","35.990","36.260","36.340","35.870","1.13M","-1.45%"
"23.02.2023","36.520","36.480","36.680","35.950","2.55M","0.38%"
"22.02.2023","36.380","37.830","37.830","36.130","1.60M","-3.73%"
"21.02.2023","37.790","38.100","38.160","37.580","2.08M","-0.11%"
"20.02.2023","37.830","39.210","39.210","37.580","731.08K","-2.98%"
"17.02.2023","38.990","39.240","39.240","38.250","2.47M","-0.03%"
"16.02.2023","39.000","39.000","39.230","38.690","4.24M","-0.05%"
"15.02.2023","39.020","38.820","39.200","38.480","2.40M","0.26%"
"14.02.2023","38.920","39.720","39.850","38.370","2.02M","-1.84%"
"13.02.2023","39.650","39.640","39.880","39.320","1.47M","0.53%"
"10.02.2023","39.440","40.960","40.960","39.190","973.05K","-3.64%"
"09.02.2023","40.930","41.100","41.480","40.640","1.33M","0.00%"
"08.02.2023","40.930","41.250","41.500","40.880","1.57M","-0.44%"
"07.02.2023","41.110","41.000","41.240","40.450","2.36M","0.27%"
"03.02.2023","41.000","40.800","41.110","40.680","4.23M","0.37%"
"02.02.2023","40.850","40.930","40.960","40.650","1.46M","-0.02%"
"01.02.2023","40.860","40.820","41.100","40.400","1.84M","0.05%"
"31.01.2023","40.840","40.430","40.960","40.010","1.70M","0.84%"
"30.01.2023","40.500","40.390","40.820","40.370","1.19M","-0.02%"
"27.01.2023","40.510","40.430","40.680","40.430","1.62M","0.25%"
"26.01.2023","40.410","39.920","40.500","39.750","2.49M","2.23%"
"25.01.2023","39.530","39.340","40.020","39.020","3.40M","1.10%"
"24.01.2023","39.100","39.000","39.440","38.670","2.71M","1.35%"
"23.01.2023","38.580","38.640","38.980","38.530","992.31K","0.00%"
"20.01.2023","38.580","38.890","38.890","38.290","860.08K","0.00%"
"19.01.2023","38.580","38.710","38.940","38.470","444.80K","0.29%"
"18.01.2023","38.470","38.910","38.940","38.280","2.01M","-0.41%"
"17.01.2023","38.630","38.890","38.890","38.500","1.29M","-0.31%"
"16.01.2023","38.750","39.000","39.000","38.530","154.74K","0.05%"
"13.01.2023","38.730","38.780","38.900","38.630","1.62M","0.00%"
"12.01.2023","38.730","38.950","38.980","38.650","1.86M","-0.03%"
"11.01.2023","38.740","38.630","39.220","38.590","1.38M","0.03%"
"10.01.2023","38.730","39.200","39.220","38.580","859.51K","-0.87%"
"09.01.2023","39.070","38.430","39.570","38.430","1.02M","2.06%"
"06.01.2023","38.280","38.150","38.960","38.010","865.48K","0.68%"
"05.01.2023","38.020","38.300","38.630","37.700","698.13K","-0.16%"
"04.01.2023","38.080","37.650","38.460","37.580","547.14K","1.41%"
"03.01.2023","37.550","38.140","38.140","37.390","249.21K","-0.82%"
"02.01.2023","37.860","37.720","38.160","37.400","29.10K","0.64%"
"30.12.2022","37.620","38.400","38.870","37.270","652.89K","-1.26%"
"29.12.2022","38.100","37.990","38.730","37.810","549.14K","0.98%"
"28.12.2022","37.730","38.690","38.690","37.620","415.51K","-1.44%"
"27.12.2022","38.280","37.900","38.580","37.820","476.08K","1.11%"
"26.12.2022","37.860","37.920","38.650","37.750","86.95K","-0.68%"
"23.12.2022","38.120","37.680","39.000","37.640","571.73K","0.71%"
"22.12.2022","37.850","37.900","37.940","37.130","453.00K","-0.26%"
"21.12.2022","37.950","37.530","38.250","37.210","940.72K","1.82%"
"20.12.2022","37.270","37.600","37.760","37.190","1.04M","-0.85%"
"19.12.2022","37.590","38.130","38.130","37.300","647.13K","-0.16%"
"16.12.2022","37.650","38.050","38.330","37.400","1.78M","-1.05%"
"15.12.2022","38.050","37.800","38.600","37.320","855.92K","0.16%"
"14.12.2022","37.990","38.620","38.620","37.480","551.67K","-1.12%"
"13.12.2022","38.420","39.610","39.620","37.970","1.84M","-2.16%"
"09.12.2022","39.270","39.630","39.920","38.870","1.05M","-1.01%"
"08.12.2022","39.670","39.040","40.040","38.980","1.97M","2.16%"
"07.12.2022","38.830","38.920","39.330","38.390","1.18M","-0.59%"
"06.12.2022","39.060","37.500","39.770","37.500","1.72M","2.65%"
"05.12.2022","38.050","38.070","38.510","37.600","1.07M","-0.60%"
"02.12.2022","38.280","38.000","38.810","37.880","1.65M","0.24%"
"01.12.2022","38.190","38.020","38.470","37.680","1.68M","0.74%"
"30.11.2022","37.910","37.450","38.150","37.130","1.71M","1.23%"
"29.11.2022","37.450","38.030","38.030","37.000","1.64M","-0.61%"
"28.11.2022","37.680","37.430","38.330","37.030","1.43M","0.19%"
"25.11.2022","37.610","37.700","37.940","37.330","497.03K","0.43%"
"24.11.2022","37.450","38.040","38.150","37.010","142.56K","-0.50%"
"23.11.2022","37.640","37.510","38.150","37.230","375.97K","0.70%"
"22.11.2022","37.380","37.870","37.870","36.700","1.53M","0.00%"
"18.11.2022","37.380","37.350","37.990","37.000","1.13M","1.22%"
"17.11.2022","36.930","37.200","37.200","36.620","1.32M","-1.20%"
"16.11.2022","37.380","36.730","37.780","36.730","400.78K","1.69%"
"15.11.2022","36.760","36.750","38.200","36.410","1.10M","0.91%"
"14.11.2022","36.430","36.670","38.420","36.280","1.51M","-0.49%"
"11.11.2022","36.610","36.450","37.350","36.160","1.02M","0.25%"
"10.11.2022","36.520","36.440","37.110","35.800","665.91K","1.02%"
"09.11.2022","36.150","35.340","36.430","35.240","750.02K","2.61%"
"08.11.2022","35.230","35.570","36.250","35.060","1.68M","-1.09%"
"07.11.2022","35.620","35.710","35.890","34.850","1.44M","-0.28%"
"04.11.2022","35.720","36.010","36.120","35.260","1.17M","-0.33%"
"03.11.2022","35.840","36.280","36.280","35.140","680.52K","-1.21%"
"01.11.2022","36.280","36.300","36.580","36.010","959.24K","0.55%"
"31.10.2022","36.080","35.200","36.270","35.070","1.16M","2.88%"
"28.10.2022","35.070","36.250","36.250","34.980","390.49K","-2.75%"
"27.10.2022","36.060","36.050","36.250","35.610","2.15M","0.42%"
"26.10.2022","35.910","35.510","36.070","35.370","727.41K","1.10%"
"25.10.2022","35.520","36.180","36.690","35.370","840.74K","-1.42%"
"24.10.2022","36.030","36.070","36.240","35.770","1.25M","0.84%"
"21.10.2022","35.730","34.780","35.980","34.620","1.95M","2.91%"
"20.10.2022","34.720","35.260","35.280","34.490","4.80M","-1.50%"
"19.10.2022","35.250","34.340","35.530","33.960","1.73M","2.47%"
"18.10.2022","34.400","34.560","34.800","33.950","680.52K","-0.17%"
"17.10.2022","34.460","34.650","34.930","34.210","1.21M","0.35%"
"14.10.2022","34.340","34.660","34.920","33.990","702.87K","-0.43%"
"13.10.2022","34.490","34.400","34.850","34.030","661.14K","-0.40%"
"12.10.2022","34.630","34.780","35.000","34.410","1.59M","-0.23%"
"11.10.2022","34.710","34.400","35.120","33.880","539.20K","1.05%"
"10.10.2022","34.350","34.740","34.740","33.750","435.79K","-0.17%"
"07.10.2022","34.410","35.120","35.240","34.000","375.54K","-1.74%"
"06.10.2022","35.020","35.330","35.520","34.820","819.55K","-0.14%"
"05.10.2022","35.070","35.350","35.650","34.660","761.41K","-0.54%"
"04.10.2022","35.260","34.320","35.430","34.150","1.07M","3.10%"
"03.10.2022","34.200","33.790","34.590","33.520","664.19K","1.51%"
"30.09.2022","33.690","33.960","34.540","33.550","723.52K","-1.12%"
"29.09.2022","34.070","33.700","34.710","33.230","2.57M","0.65%"
"28.09.2022","33.850","33.370","34.150","33.250","885.95K","2.14%"
"27.09.2022","33.140","33.480","33.880","33.030","810.77K","-0.39%"
"26.09.2022","33.270","34.180","34.180","33.070","318.46K","-2.32%"
"23.09.2022","34.060","34.320","34.470","33.880","507.62K","-0.32%"
"22.09.2022","34.170","34.910","35.020","34.030","903.83K","-2.20%"
"21.09.2022","34.940","35.630","36.000","34.850","963.39K","-1.94%"
"20.09.2022","35.630","35.540","35.890","35.370","1.01M","0.28%"
"19.09.2022","35.530","34.930","35.720","34.890","2.24M","2.69%"
"15.09.2022","34.600","35.870","36.110","34.390","2.23M","-3.54%"
"14.09.2022","35.870","36.330","36.610","35.350","937.35K","-1.05%"
"13.09.2022","36.250","37.000","37.330","35.900","1.36M","-2.05%"
"12.09.2022","37.010","36.960","37.200","36.220","569.05K","1.56%"
"09.09.2022","36.440","36.460","36.970","36.150","389.02K","1.14%"
"08.09.2022","36.030","35.950","36.990","35.330","907.85K","0.78%"
"07.09.2022","35.750","35.560","35.900","34.650","1.08M","0.73%"
"06.09.2022","35.490","36.780","36.780","35.380","839.53K","-3.53%"
"05.09.2022","36.790","36.440","36.870","35.860","165.91K","1.10%"
"02.09.2022","36.390","36.530","37.300","35.980","916.32K","-0.76%"
"01.09.2022","36.670","36.270","37.040","35.270","548.68K","0.77%"
"31.08.2022","36.390","37.140","37.310","36.000","749.08K","-1.46%"
"30.08.2022","36.930","37.510","37.510","36.500","1.17M","-1.34%"
"29.08.2022","37.430","38.320","38.320","37.190","624.02K","-1.60%"
"26.08.2022","38.040","38.480","38.670","37.590","4.72M","-0.63%"
"25.08.2022","38.280","37.410","38.750","37.370","3.32M","2.77%"
"24.08.2022","37.250","37.200","37.760","37.030","1.34M","0.27%"
"23.08.2022","37.150","37.730","37.730","36.950","484.49K","-1.41%"
"22.08.2022","37.680","38.310","38.320","37.050","810.19K","-1.34%"
"19.08.2022","38.190","38.410","38.660","37.600","683.53K","-0.57%"
"18.08.2022","38.410","38.380","39.010","38.060","633.72K","0.31%"
"17.08.2022","38.290","38.200","38.470","37.570","566.19K","0.87%"
"16.08.2022","37.960","38.250","38.790","37.370","873.91K","-1.04%"
"15.08.2022","38.360","38.150","38.960","37.890","802.13K","1.59%"
"12.08.2022","37.760","37.950","37.990","37.350","797.78K","0.69%"
"11.08.2022","37.500","37.380","37.880","37.030","713.98K","0.70%"
"10.08.2022","37.240","37.700","37.820","36.580","859.26K","-0.93%"
"09.08.2022","37.590","37.700","37.950","37.090","269.21K","0.08%"
"08.08.2022","37.560","36.410","37.940","36.410","1.02M","4.16%"
"05.08.2022","36.060","37.000","37.040","35.390","931.73K","-2.51%"
"04.08.2022","36.990","37.340","38.430","36.710","1.18M","-1.18%"
"03.08.2022","37.430","37.930","37.930","36.870","1.75M","-1.19%"
"02.08.2022","37.880","38.150","38.480","37.110","869.51K","0.32%"
"01.08.2022","37.760","38.260","39.000","37.600","669.56K","-0.47%"
"29.07.2022","37.940","37.520","38.480","37.500","224.16K","0.93%"
"28.07.2022","37.590","37.250","37.800","36.630","1.38M","0.56%"
"27.07.2022","37.380","36.410","37.760","36.240","870.56K","3.83%"
"26.07.2022","36.000","35.780","36.420","35.380","694.85K","1.44%"
"25.07.2022","35.490","35.400","35.950","34.900","1.23M","0.51%"
"22.07.2022","35.310","35.700","35.710","34.830","458.94K","-0.34%"
"21.07.2022","35.430","35.610","36.000","35.260","420.12K","-0.48%"
"20.07.2022","35.600","35.990","36.000","35.330","679.86K","-0.45%"
"19.07.2022","35.760","35.810","36.690","35.300","347.98K","-0.03%"
"18.07.2022","35.770","34.750","36.530","34.750","1.08M","3.23%"
"15.07.2022","34.650","34.360","34.750","34.070","217.62K","2.21%"
"14.07.2022","33.900","34.750","34.910","33.580","379.64K","-1.54%"
"13.07.2022","34.430","35.320","35.460","33.810","667.80K","-2.69%"
"12.07.2022","35.380","35.300","35.570","35.000","565.55K","0.57%"
"11.07.2022","35.180","35.450","35.960","34.850","169.23K","-0.76%"
"08.07.2022","35.450","35.520","35.590","34.540","460.30K","0.11%"
"07.07.2022","35.410","35.350","35.650","35.050","1.01M","0.23%"
"06.07.2022","35.330","35.400","35.650","34.900","571.43K","0.94%"
"05.07.2022","35.000","35.060","35.410","34.600","666.40K","-1.82%"
"04.07.2022","35.650","34.850","35.790","34.850","131.60K","2.06%"
"01.07.2022","34.930","35.880","35.980","34.720","598.17K","-2.13%"
"30.06.2022","35.690","36.790","36.790","35.500","348.02K","-2.43%"
"29.06.2022","36.580","36.450","36.800","35.800","606.01K","0.47%"
"28.06.2022","36.410","36.970","36.970","35.910","1.44M","-0.52%"
"27.06.2022","36.600","36.890","37.000","35.750","1.08M","0.19%"
"24.06.2022","36.530","36.880","37.480","36.210","974.91K","-0.30%"
"23.06.2022","36.640","36.470","37.230","36.040","772.41K","1.22%"
"22.06.2022","36.200","35.410","36.480","35.410","967.31K","0.92%"
"21.06.2022","35.870","35.560","36.300","35.560","1.21M","0.87%"
"20.06.2022","35.560","36.730","36.730","35.210","1.91M","-2.55%"
"17.06.2022","36.490","35.800","36.790","34.900","5.31M","2.36%"
"16.06.2022","35.650","36.000","36.610","35.240","955.99K","-1.63%"
"15.06.2022","36.240","36.190","36.910","35.860","841.53K","0.75%"
"14.06.2022","35.970","35.100","36.190","34.670","1.66M","2.80%"
"13.06.2022","34.990","37.100","37.100","34.550","1.52M","-5.46%"
"10.06.2022","37.010","38.220","38.540","36.750","1.04M","-2.81%"
"09.06.2022","38.080","37.700","38.240","37.450","829.25K","0.74%"
"08.06.2022","37.800","37.890","38.250","37.490","1.13M","0.40%"
"07.06.2022","37.650","36.510","38.030","36.380","727.95K","2.64%"
"06.06.2022","36.680","37.060","37.800","36.500","857.53K","-1.08%"
"03.06.2022","37.080","36.880","37.360","36.260","689.58K","1.37%"
"02.06.2022","36.580","37.620","37.620","36.270","1.67M","-2.14%"
"01.06.2022","37.380","36.700","37.860","36.450","1.20M","3.12%"
"31.05.2022","36.250","39.350","39.350","35.720","7.36M","-7.24%"
"30.05.2022","39.080","38.200","39.600","38.200","346.35K","2.55%"
"27.05.2022","38.110","37.310","38.550","37.150","946.61K","2.39%"
"26.05.2022","37.220","37.750","37.800","37.060","288.47K","-2.46%"
"25.05.2022","38.160","37.710","38.900","37.290","722.14K","1.06%"
"24.05.2022","37.760","38.850","39.240","37.400","675.20K","-3.62%"
"23.05.2022","39.180","39.700","39.700","38.660","615.92K","-0.33%"
"20.05.2022","39.310","39.700","39.800","38.500","659.34K","-0.46%"
"19.05.2022","39.490","38.200","39.660","37.810","1.35M","3.76%"
"18.05.2022","38.060","37.750","38.370","37.440","637.53K","1.57%"
"17.05.2022","37.470","37.100","38.150","36.810","918.25K","2.38%"
"16.05.2022","36.600","37.160","37.490","36.280","375.10K","-1.45%"
"13.05.2022","37.140","37.000","37.700","36.700","340.36K","0.81%"
"12.05.2022","36.840","37.840","37.840","35.390","2.01M","-5.15%"
"11.05.2022","38.840","38.560","38.990","38.170","538.41K","1.15%"
"10.05.2022","38.400","38.940","39.350","38.140","1.13M","-0.88%"
"09.05.2022","38.740","38.500","39.750","38.500","574.05K","1.63%"
"06.05.2022","38.120","39.850","39.990","37.320","1.00M","-4.70%"
"05.05.2022","40.000","41.290","41.370","39.840","365.41K","-3.17%"
"04.05.2022","41.310","39.800","41.490","39.800","730.93K","3.77%"
"03.05.2022","39.810","39.690","40.600","39.550","574.30K","-0.08%"
"02.05.2022","39.840","40.260","40.530","39.600","548.67K","-1.46%"
"29.04.2022","40.430","39.540","40.850","38.750","1.41M","1.69%"
"28.04.2022","39.760","39.900","40.000","38.400","693.06K","0.03%"
"27.04.2022","39.750","41.200","41.200","39.470","1.13M","-2.69%"
"26.04.2022","40.850","40.930","41.300","39.520","758.85K","0.32%"
"25.04.2022","40.720","40.440","41.270","40.220","1.04M","1.39%"
"22.04.2022","40.160","40.460","40.460","39.780","726.89K","0.07%"
"21.04.2022","40.130","40.650","41.150","39.630","1.14M","-0.59%"
"20.04.2022","40.370","40.690","41.770","40.240","840.82K","0.00%"
"19.04.2022","40.370","40.490","40.600","40.050","385.31K","0.37%"
"18.04.2022","40.220","40.030","40.500","40.010","280.47K","0.47%"
"13.04.2022","40.030","41.980","41.980","39.440","1.53M","-4.10%"
"12.04.2022","41.740","42.560","42.770","41.230","1.59M","-1.79%"
"11.04.2022","42.500","42.820","42.910","42.150","1.60M","-0.35%"
"08.04.2022","42.650","42.630","42.960","42.290","868.07K","-0.12%"
"07.04.2022","42.700","42.710","42.980","42.340","1.28M","0.05%"
"06.04.2022","42.680","41.190","42.770","40.800","1.07M","3.79%"
"05.04.2022","41.120","42.190","42.190","40.870","409.31K","-2.74%"
"04.04.2022","42.280","42.090","42.550","41.830","1.00M","0.64%"
"01.04.2022","42.010","42.450","42.500","41.580","1.51M","-0.12%"
"31.03.2022","42.060","40.950","42.400","40.950","2.47M","2.81%"
"30.03.2022","40.910","41.000","41.540","40.470","1.52M","-1.02%"
"29.03.2022","41.330","39.320","41.630","39.320","1.99M","4.40%"
"28.03.2022","39.590","39.780","39.840","39.310","1.09M","-0.95%"
"25.03.2022","39.970","38.890","40.120","38.550","534.92K","2.65%"
"24.03.2022","38.940","39.110","39.400","38.690","1.27M","-0.41%"
"23.03.2022","39.100","38.680","40.400","38.680","2.08M","1.35%"
"22.03.2022","38.580","37.520","39.050","37.400","1.72M","3.88%"
"18.03.2022","37.140","38.130","38.220","36.900","5.15M","-1.82%"
"17.03.2022","37.830","38.120","38.410","37.720","2.06M","0.32%"
"16.03.2022","37.710","37.900","38.310","37.530","1.86M","-0.03%"
"15.03.2022","37.720","37.800","38.200","36.900","1.16M","0.24%"
"14.03.2022","37.630","39.650","39.650","37.200","764.43K","-4.52%"
"11.03.2022","39.410","39.250","39.530","38.700","508.42K","1.10%"
"10.03.2022","38.980","38.560","39.490","38.560","464.16K","-1.39%"
"09.03.2022","39.530","39.400","40.050","38.850","1.57M","1.15%"
"08.03.2022","39.080","39.200","39.500","37.510","1.11M","-0.13%"
"07.03.2022","39.130","39.390","39.590","38.550","4.63M","-2.00%"
"04.03.2022","39.930","39.590","40.000","38.850","585.77K","1.42%"
"03.03.2022","39.370","39.440","39.600","39.030","357.43K","-0.35%"
"02.03.2022","39.510","39.500","40.000","39.160","741.41K","-0.98%"
"01.03.2022","39.900","39.580","40.150","39.010","925.11K","1.73%"
"28.02.2022","39.220","39.160","39.980","39.010","632.39K","-1.28%"
"25.02.2022","39.730","39.440","40.000","39.060","545.93K","0.63%"
"24.02.2022","39.480","39.060","40.000","39.060","793.03K","-0.33%"
"23.02.2022","39.610","39.850","40.070","38.960","999.06K","-0.30%"
"22.02.2022","39.730","39.070","39.990","39.070","4.31M","1.79%"
"21.02.2022","39.030","39.250","39.550","38.690","112.81K","-1.19%"
"18.02.2022","39.500","38.810","39.640","38.670","584.90K","1.78%"
"17.02.2022","38.810","38.690","39.190","38.190","942.87K","0.10%"
"16.02.2022","38.770","38.300","39.140","37.910","1.20M","1.71%"
"15.02.2022","38.120","38.290","38.440","37.630","604.39K","0.13%"
"14.02.2022","38.070","37.450","38.480","36.380","1.19M","1.52%"
"11.02.2022","37.500","38.300","38.960","37.400","492.45K","-2.04%"
"10.02.2022","38.280","38.020","38.690","38.000","442.59K","-0.29%"
"09.02.2022","38.390","38.300","38.690","37.780","1.23M","0.39%"
"08.02.2022","38.240","37.400","38.670","37.060","928.52K","2.05%"
"04.02.2022","37.470","36.680","38.160","36.620","659.03K","1.90%"
"03.02.2022","36.770","36.370","36.850","36.010","720.90K","1.04%"
"02.02.2022","36.390","35.150","36.780","35.150","1.12M","3.44%"
"01.02.2022","35.180","35.310","35.450","35.050","8.32M","0.00%"
"31.01.2022","35.180","34.940","35.260","34.740","1.03M","1.44%"
"28.01.2022","34.680","34.730","34.830","33.860","1.07M","0.03%"
"27.01.2022","34.670","34.920","35.350","34.500","2.43M","-0.57%"
"26.01.2022","34.870","34.920","34.920","34.400","2.98M","0.40%"
"25.01.2022","34.730","34.920","34.920","34.130","3.20M","-0.77%"
"24.01.2022","35.000","35.250","35.610","33.860","4.65M","-1.33%"
"21.01.2022","35.470","35.720","35.980","35.430","2.45M","-0.84%"
"20.01.2022","35.770","36.530","36.650","35.550","1.53M","-0.69%"
"19.01.2022","36.020","36.660","36.850","35.550","2.05M","-2.41%"
"18.01.2022","36.910","36.880","37.480","36.000","1.88M","0.60%"
"17.01.2022","36.690","37.370","37.370","36.670","172.40K","-1.21%"
"14.01.2022","37.140","37.500","37.500","37.000","559.24K","-0.46%"
"13.01.2022","37.310","38.210","38.450","37.150","849.53K","-1.97%"
"12.01.2022","38.060","37.450","38.220","37.450","558.60K","1.41%"
"11.01.2022","37.530","37.660","38.000","37.260","793.98K","-0.05%"
"10.01.2022","37.550","37.340","38.210","37.100","697.64K","0.27%"
"07.01.2022","37.450","37.900","38.120","37.320","222.55K","-0.95%"
"06.01.2022","37.810","37.660","38.390","37.660","678.30K","0.77%"
"05.01.2022","37.520","38.250","38.470","37.200","3.14M","-1.83%"
"04.01.2022","38.220","39.390","39.560","38.000","659.85K","-1.85%"
"03.01.2022","38.940","39.220","39.750","38.250","1.09M","0.05%"
"31.12.2021","38.920","39.590","39.590","38.710","79.17K","-1.02%"
"30.12.2021","39.320","38.900","39.500","38.150","155.45K","1.71%"
"29.12.2021","38.660","38.830","39.800","38.240","329.05K","-1.60%"
"28.12.2021","39.290","39.220","39.540","38.800","316.37K","0.77%"
"27.12.2021","38.990","39.360","39.800","38.560","396.79K","-1.69%"
"24.12.2021","39.660","39.590","39.790","39.370","26.21K","0.41%"
"23.12.2021","39.500","38.000","39.800","37.990","689.33K","4.03%"
"22.12.2021","37.970","38.110","39.180","37.830","561.58K","-0.18%"
"21.12.2021","38.040","38.300","38.690","37.260","1.15M","0.05%"
"20.12.2021","38.020","39.000","39.000","37.980","859.84K","-4.59%"
"17.12.2021","39.850","38.770","40.000","38.450","2.90M","2.79%"
"16.12.2021","38.770","38.680","38.990","38.350","2.02M","0.54%"
"15.12.2021","38.560","37.570","38.870","37.470","2.47M","1.37%"
"14.12.2021","38.040","37.000","38.470","37.000","933.80K","2.48%"
"13.12.2021","37.120","37.690","37.940","36.810","685.31K","-1.54%"
"10.12.2021","37.700","37.620","37.970","37.500","191.84K","0.24%"
"09.12.2021","37.610","38.010","38.200","37.580","401.91K","-0.29%"
"08.12.2021","37.720","36.980","37.850","36.870","589.69K","2.31%"
"07.12.2021","36.870","37.100","37.830","36.740","619.75K","0.00%"
"06.12.2021","36.870","36.180","37.180","36.180","1.56M","1.57%"
"03.12.2021","36.300","36.610","36.880","36.160","632.40K","-0.85%"
"02.12.2021","36.610","36.170","36.920","36.070","1.48M","1.55%"
"01.12.2021","36.050","36.160","37.180","35.840","932.20K","-0.30%"
"30.11.2021","36.160","35.390","37.290","35.380","13.88M","1.66%"
"29.11.2021","35.570","34.000","35.960","34.000","8.22M","4.99%"
"26.11.2021","33.880","34.510","34.510","33.310","3.46M","-2.22%"
"25.11.2021","34.650","34.530","34.990","34.500","34.52K","0.35%"
"24.11.2021","34.530","35.370","35.370","34.430","653.53K","-1.90%"
"23.11.2021","35.200","34.840","35.350","34.630","1.32M","0.54%"
"22.11.2021","35.010","35.140","36.000","34.400","2.96M","-0.23%"
"19.11.2021","35.090","34.930","35.390","34.700","1.68M","0.43%"
"18.11.2021","34.940","35.970","36.120","34.770","1.78M","-2.40%"
"17.11.2021","35.800","37.350","37.440","35.750","1.86M","-3.74%"
"16.11.2021","37.190","37.660","38.400","37.150","2.38M","-1.25%"
"12.11.2021","37.660","38.240","38.300","37.300","309.68K","-0.74%"
"11.11.2021","37.940","37.400","38.240","37.250","788.37K","2.29%"
"10.11.2021","37.090","38.350","38.350","36.770","898.53K","-3.34%"
"09.11.2021","38.370","38.660","39.100","37.500","1.08M","-0.03%"
"08.11.2021","38.380","38.800","39.100","38.120","459.61K","-0.90%"
"05.11.2021","38.730","39.210","39.210","38.380","726.47K","-0.97%"
"04.11.2021","39.110","38.490","39.980","38.430","360.58K","1.51%"
"03.11.2021","38.530","38.800","39.000","38.000","784.07K","-0.44%"
"01.11.2021","38.700","39.750","39.780","38.660","483.46K","-1.88%"
"29.10.2021","39.440","40.940","40.940","39.150","854.93K","-3.19%"
"28.10.2021","40.740","41.530","41.530","40.100","754.18K","-1.69%"
"27.10.2021","41.440","40.500","41.800","40.500","552.66K","1.97%"
"26.10.2021","40.640","40.110","40.910","39.720","1.93M","0.94%"
"25.10.2021","40.260","41.280","41.770","39.710","709.36K","-1.49%"
"22.10.2021","40.870","39.450","41.480","39.450","2.78M","3.57%"
"21.10.2021","39.460","40.520","40.520","39.100","2.64M","-3.14%"
"20.10.2021","40.740","41.800","41.980","40.100","1.37M","-2.37%"
"19.10.2021","41.730","41.710","42.070","40.180","967.88K","0.80%"
"18.10.2021","41.400","40.290","42.260","39.610","676.12K","3.09%"
"15.10.2021","40.160","39.560","40.300","39.260","540.00K","1.77%"
"14.10.2021","39.460","40.180","40.300","39.150","586.29K","-1.57%"
"13.10.2021","40.090","39.700","40.300","39.500","560.12K","1.19%"
"12.10.2021","39.620","39.120","39.850","39.120","587.21K","-0.15%"
"11.10.2021","39.680","39.150","40.050","39.000","470.94K","1.61%"
"08.10.2021","39.050","39.800","40.250","38.810","483.08K","-1.76%"
"07.10.2021","39.750","39.010","39.950","38.960","500.76K","2.16%"
"06.10.2021","38.910","38.800","39.110","38.150","568.50K","0.72%"
"05.10.2021","38.630","38.710","39.010","38.500","360.44K","-0.10%"
"04.10.2021","38.670","39.290","40.100","38.600","284.41K","-1.33%"
"01.10.2021","39.190","39.590","39.590","38.850","863.73K","-1.33%"
"30.09.2021","39.720","39.680","39.820","39.000","752.52K","0.84%"
"29.09.2021","39.390","39.770","40.150","39.230","1.49M","-0.66%"
"28.09.2021","39.650","39.900","40.390","39.150","841.16K","-0.20%"
"27.09.2021","39.730","39.450","40.000","39.450","287.34K","0.53%"
"24.09.2021","39.520","39.950","40.000","39.410","699.56K","-1.20%"
"23.09.2021","40.000","40.380","40.380","39.800","1.47M","-0.20%"
"22.09.2021","40.080","40.030","40.650","40.000","1.15M","-0.07%"
"21.09.2021","40.110","41.060","41.480","40.000","689.09K","-1.76%"
"20.09.2021","40.830","40.920","41.690","40.440","1.18M","-0.66%"
"17.09.2021","41.100","42.100","42.200","40.630","5.28M","-2.33%"
"15.09.2021","42.080","42.350","42.690","41.610","1.38M","-0.75%"
"14.09.2021","42.400","41.780","42.740","41.350","1.43M","2.05%"
"13.09.2021","41.550","41.690","42.490","41.140","1.85M","0.00%"
"10.09.2021","41.550","41.630","41.880","41.050","593.84K","0.27%"
"09.09.2021","41.440","42.070","42.070","41.210","384.04K","-1.29%"
"08.09.2021","41.980","42.250","42.380","41.700","604.05K","-0.78%"
"07.09.2021","42.310","41.960","42.700","41.800","2.17M","1.08%"
"06.09.2021","41.860","41.650","42.000","41.640","70.87K","0.36%"
"03.09.2021","41.710","41.460","42.000","41.270","296.08K","1.41%"
"02.09.2021","41.130","41.110","41.540","40.950","796.65K","-0.15%"
"01.09.2021","41.190","41.740","41.940","40.860","724.07K","-0.99%"
"31.08.2021","41.600","40.740","41.990","40.660","1.56M","2.14%"
"30.08.2021","40.730","40.510","40.880","40.250","358.35K","0.32%"
"27.08.2021","40.600","40.920","40.940","40.380","384.26K","-0.61%"
"26.08.2021","40.850","41.060","42.000","40.380","794.13K","-0.75%"
"25.08.2021","41.160","41.180","41.280","40.700","555.70K","0.56%"
"24.08.2021","40.930","41.180","41.180","40.400","551.29K","-0.61%"
"23.08.2021","41.180","40.640","41.380","40.550","1.10M","1.58%"
"20.08.2021","40.540","40.990","40.990","40.010","403.22K","-0.37%"
"19.08.2021","40.690","40.880","40.900","40.100","676.48K","-0.63%"
"18.08.2021","40.950","40.690","41.150","40.280","669.66K","0.86%"
"17.08.2021","40.600","40.800","40.990","40.250","490.24K","-0.49%"
"16.08.2021","40.800","40.500","41.380","40.210","935.33K","-0.02%"
"13.08.2021","40.810","41.150","41.500","40.360","535.46K","0.89%"
"12.08.2021","40.450","41.200","41.200","40.290","749.76K","-1.80%"
"11.08.2021","41.190","41.300","41.300","40.970","1.91M","0.02%"
"10.08.2021","41.180","40.990","41.690","40.610","2.32M","0.68%"
"09.08.2021","40.900","40.660","41.000","40.350","135.18K","1.64%"
"06.08.2021","40.240","40.060","40.530","39.540","6.02M","0.20%"
"05.08.2021","40.160","40.300","40.440","40.060","236.81K","-0.20%"
"04.08.2021","40.240","40.720","40.730","40.010","630.76K","-1.11%"
"03.08.2021","40.690","40.440","40.820","39.800","955.48K","1.07%"
"02.08.2021","40.260","40.720","40.990","40.060","1.06M","-0.91%"
"30.07.2021","40.630","40.600","41.090","40.140","1.73M","-0.17%"
"29.07.2021","40.700","40.810","41.100","40.540","1.92M","-0.39%"
"28.07.2021","40.860","41.300","41.300","40.650","2.21M","-1.02%"
"27.07.2021","41.280","41.190","41.550","41.070","2.74M","0.29%"
"26.07.2021","41.160","41.100","41.580","41.040","646.59K","0.00%"
"23.07.2021","41.160","41.010","41.750","41.010","481.53K","0.46%"
"22.07.2021","40.970","41.320","41.320","40.810","1.91M","-0.29%"
"21.07.2021","41.090","41.460","41.830","40.980","1.05M","-0.53%"
"20.07.2021","41.310","41.000","42.900","40.980","1.07M","1.08%"
"19.07.2021","40.870","42.420","42.450","40.720","1.42M","-3.88%"
"16.07.2021","42.520","42.210","42.830","41.960","587.75K","1.09%"
"15.07.2021","42.060","42.360","43.000","41.880","1.41M","-0.12%"
"14.07.2021","42.110","42.180","43.110","41.930","1.39M","-0.89%"
"13.07.2021","42.490","42.260","43.380","41.800","854.40K","-0.16%"
"12.07.2021","42.560","42.310","43.170","42.010","1.30M","0.81%"
"09.07.2021","42.220","42.110","43.000","41.730","407.76K","-0.07%"
"08.07.2021","42.250","42.150","42.500","41.870","916.30K","-0.47%"
"07.07.2021","42.450","42.290","43.200","41.750","1.69M","0.88%"
"06.07.2021","42.080","42.700","42.700","41.410","866.86K","-1.36%"
"05.07.2021","42.660","42.670","42.970","42.520","72.67K","-0.09%"
"02.07.2021","42.700","43.070","43.400","42.650","438.44K","-0.91%"
"01.07.2021","43.090","44.000","44.290","42.600","698.73K","-1.87%"
"30.06.2021","43.910","43.070","44.290","42.300","1.01M","1.71%"
"29.06.2021","43.170","43.350","43.350","43.010","302.14K","-0.18%"
"28.06.2021","43.250","43.900","44.030","43.110","753.47K","-1.30%"
"25.06.2021","43.820","43.740","43.910","43.150","3.02M","0.37%"
"24.06.2021","43.660","43.930","44.240","43.550","371.87K","-0.46%"
"23.06.2021","43.860","43.970","44.500","43.520","3.46M","-0.50%"
"22.06.2021","44.080","43.420","44.200","43.410","583.52K","1.43%"
"21.06.2021","43.460","43.590","43.950","43.410","281.01K","-0.53%"
"18.06.2021","43.690","43.780","44.000","43.450","1.52M","-0.05%"
"17.06.2021","43.710","44.360","44.500","43.510","2.26M","-1.29%"
"16.06.2021","44.280","43.650","44.500","43.620","602.01K","1.82%"
"15.06.2021","43.490","44.240","44.240","43.420","1.15M","-1.05%"
"14.06.2021","43.950","43.840","44.700","43.750","808.40K","0.11%"
"11.06.2021","43.900","43.660","44.110","43.250","570.50K","0.53%"
"10.06.2021","43.670","44.240","44.500","43.470","259.84K","-1.04%"
"09.06.2021","44.130","44.450","44.950","43.950","1.34M","-0.50%"
"08.06.2021","44.350","44.260","44.500","44.240","451.20K","0.43%"
"07.06.2021","44.160","43.430","44.500","43.430","897.04K","1.49%"
"04.06.2021","43.510","43.300","43.860","43.280","898.37K","0.62%"
"03.06.2021","43.240","44.110","44.110","43.050","841.49K","-1.97%"
"02.06.2021","44.110","44.500","44.500","43.910","613.41K","-0.59%"
"01.06.2021","44.370","44.500","44.690","44.100","954.65K","-0.29%"
"31.05.2021","44.500","44.700","44.750","43.900","949.03K","-0.27%"
"28.05.2021","44.620","44.330","44.750","44.330","607.53K","0.88%"
"27.05.2021","44.230","44.700","45.200","43.990","1.45M","-0.83%"
"26.05.2021","44.600","45.000","45.300","44.300","1.79M","0.02%"
"25.05.2021","44.590","45.000","45.230","44.070","5.74M","-0.56%"
"24.05.2021","44.840","45.070","45.070","44.710","296.67K","-0.38%"
"21.05.2021","45.010","45.410","45.420","44.400","440.18K","-0.62%"
"20.05.2021","45.290","44.830","45.750","44.760","1.13M","1.05%"
"19.05.2021","44.820","45.150","45.380","44.760","1.03M","-0.95%"
"18.05.2021","45.250","45.090","45.500","44.800","527.55K","0.58%"
"17.05.2021","44.990","45.970","45.970","44.500","849.31K","1.01%"
"14.05.2021","44.540","44.000","45.240","44.000","402.41K","1.07%"
"13.05.2021","44.070","45.010","45.010","43.920","656.87K","-1.34%"
"12.05.2021","44.670","44.930","45.550","44.000","750.64K","-3.89%"
"11.05.2021","46.480","46.400","46.600","45.880","786.40K","1.35%"
"10.05.2021","45.860","45.400","46.250","45.380","595.70K","0.97%"
"07.05.2021","45.420","45.510","45.730","45.120","442.23K","-0.09%"
"06.05.2021","45.460","45.120","45.740","45.000","523.97K","0.93%"
"05.05.2021","45.040","45.740","45.990","44.950","968.54K","-1.18%"
"04.05.2021","45.580","45.060","45.740","44.720","986.61K","1.49%"
"03.05.2021","44.910","45.160","45.700","44.770","1.09M","-0.07%"
"30.04.2021","44.940","45.300","45.820","44.670","915.91K","-0.60%"
"29.04.2021","45.210","45.900","45.900","45.020","854.44K","-0.92%"
"28.04.2021","45.630","45.120","45.900","45.100","1.65M","1.18%"
"27.04.2021","45.100","44.130","45.150","44.010","3.63M","2.45%"
"26.04.2021","44.020","44.880","44.890","44.010","766.38K","-1.19%"
"23.04.2021","44.550","44.590","45.440","44.290","1.02M","-0.31%"
"22.04.2021","44.690","45.000","45.000","44.050","2.51M","-0.11%"
"21.04.2021","44.740","45.770","45.810","44.240","1.59M","-2.25%"
"20.04.2021","45.770","44.970","46.000","44.350","827.64K","1.76%"
"19.04.2021","44.980","44.820","45.660","44.060","739.99K","0.13%"
"16.04.2021","44.920","45.680","45.840","44.830","700.92K","-1.60%"
"15.04.2021","45.650","44.810","45.990","44.800","1.40M","1.87%"
"14.04.2021","44.810","45.590","45.590","43.810","818.50K","0.00%"
"13.04.2021","44.810","44.050","45.050","44.000","1.42M","2.66%"
"12.04.2021","43.650","43.950","44.430","43.230","1.20M","-1.09%"
"09.04.2021","44.130","42.880","44.360","42.470","1.68M","2.84%"
"08.04.2021","42.910","42.200","43.330","41.660","1.72M","2.07%"
"07.04.2021","42.040","41.800","42.170","41.700","1.20M","0.33%"
"06.04.2021","41.900","41.850","42.060","41.400","4.98M","0.31%"
"05.04.2021","41.770","41.600","42.110","41.340","8.63M","1.26%"
"31.03.2021","41.250","41.770","41.770","40.890","3.91M","-0.84%"
"30.03.2021","41.600","41.430","42.100","41.290","3.17M","-0.76%"
"29.03.2021","41.920","42.000","42.380","41.250","909.25K","0.19%"
"26.03.2021","41.840","42.450","42.500","41.200","1.05M","-0.69%"
"25.03.2021","42.130","40.800","42.150","40.800","1.41M","2.81%"
"24.03.2021","40.980","42.920","43.840","40.780","1.48M","-3.37%"
"23.03.2021","42.410","42.500","42.740","42.000","2.48M","-0.09%"
"22.03.2021","42.450","42.800","42.800","42.370","6.57M","0.38%"
"19.03.2021","42.290","43.200","43.940","41.830","5.00M","-1.58%"
"18.03.2021","42.970","43.870","43.870","42.660","843.69K","-2.01%"
"17.03.2021","43.850","43.620","43.900","42.850","898.11K","1.13%"
"16.03.2021","43.360","42.430","44.390","42.430","815.84K","2.24%"
"12.03.2021","42.410","42.630","42.930","42.300","357.92K","-0.56%"
"11.03.2021","42.650","43.050","43.050","42.400","776.94K","-0.12%"
"10.03.2021","42.700","42.600","43.150","42.300","1.08M","0.21%"
"09.03.2021","42.610","42.200","42.930","42.110","994.69K","1.36%"
"08.03.2021","42.040","42.440","42.600","41.500","2.52M","-1.18%"
"05.03.2021","42.540","43.700","43.790","42.150","1.08M","-2.21%"
"04.03.2021","43.500","44.230","44.500","43.230","662.81K","-0.73%"
"03.03.2021","43.820","43.280","44.250","42.620","1.31M","2.31%"
"02.03.2021","42.830","42.100","42.970","42.040","2.54M","1.49%"
"01.03.2021","42.200","42.900","43.330","41.900","1.37M","-1.52%"
"26.02.2021","42.850","41.760","43.300","41.450","2.22M","2.37%"
"25.02.2021","41.860","42.190","42.210","41.680","2.77M","-0.24%"
"24.02.2021","41.960","43.590","44.000","41.850","1.44M","-2.89%"
"23.02.2021","43.210","44.380","44.390","43.000","1.98M","-2.66%"
"22.02.2021","44.390","45.220","45.220","43.570","1.84M","-1.62%"
"19.02.2021","45.120","46.050","46.050","45.050","849.49K","-0.44%"
"18.02.2021","45.320","46.010","46.010","45.030","929.77K","-0.92%"
"17.02.2021","45.740","46.390","46.390","45.120","857.13K","-1.85%"
"16.02.2021","46.600","47.500","47.500","46.260","1.06M","-0.36%"
"15.02.2021","46.770","46.470","47.070","46.400","40.11K","0.58%"
"12.02.2021","46.500","45.640","46.660","45.530","250.80K","2.22%"
"11.02.2021","45.490","46.900","47.500","45.320","1.12M","-3.56%"
"10.02.2021","47.170","46.910","47.840","46.830","567.62K","0.70%"
"09.02.2021","46.840","46.680","47.790","46.600","2.09M","-0.38%"
"08.02.2021","47.020","47.010","47.400","46.930","903.67K","0.04%"
"05.02.2021","47.000","47.070","47.980","46.800","741.01K","0.73%"
"04.02.2021","46.660","47.020","47.020","46.430","1.06M","-0.98%"
"03.02.2021","47.120","47.100","47.910","46.150","995.92K","0.26%"
"02.02.2021","47.000","45.800","47.250","45.800","2.37M","2.17%"
"29.01.2021","46.000","45.980","46.230","44.440","1.38M","-0.33%"
"28.01.2021","46.150","46.370","46.520","45.500","1.24M","-0.99%"
"27.01.2021","46.610","46.020","46.910","45.990","1.52M","-0.36%"
"26.01.2021","46.780","46.790","47.090","45.650","457.76K","-0.23%"
"25.01.2021","46.890","47.050","47.110","45.410","838.25K","0.97%"
"22.01.2021","46.440","47.110","47.110","46.290","366.01K","-1.59%"
"21.01.2021","47.190","47.590","47.590","46.620","1.27M","0.21%"
"20.01.2021","47.090","47.500","47.750","46.470","731.55K","-0.19%"
"19.01.2021","47.180","47.390","47.390","47.000","1.47M","-0.04%"
"18.01.2021","47.200","47.120","47.950","47.010","163.87K","0.38%"
"15.01.2021","47.020","48.430","48.430","46.570","2.90M","-3.11%"
"14.01.2021","48.530","48.880","48.880","48.030","3.51M","-0.25%"
"13.01.2021","48.650","48.700","48.860","48.010","2.54M","-0.10%"
"12.01.2021","48.700","48.900","49.100","48.320","3.23M","0.31%"
"11.01.2021","48.550","49.700","49.770","48.270","395.66K","-2.51%"
"08.01.2021","49.800","49.220","50.350","49.220","854.22K","1.47%"
"07.01.2021","49.080","49.190","49.390","48.000","522.50K","1.01%"
"06.01.2021","48.590","48.500","49.190","48.300","1.51M","0.89%"
"05.01.2021","48.160","48.210","48.790","47.860","398.99K","0.10%"
"04.01.2021","48.110","46.700","48.380","46.700","707.88K","2.01%"
"31.12.2020","47.160","48.790","48.790","47.000","180.62K","-3.32%"
"30.12.2020","48.780","48.500","49.250","48.140","482.54K","0.95%"
"29.12.2020","48.320","47.950","48.400","47.930","268.05K","0.73%"
"28.12.2020","47.970","47.290","48.000","47.290","147.39K","1.76%"
"24.12.2020","47.140","46.620","47.300","46.620","87.89K","2.01%"
"23.12.2020","46.210","45.970","47.650","45.970","609.49K","1.32%"
"22.12.2020","45.610","46.330","46.410","45.110","541.38K","-1.34%"
"21.12.2020","46.230","47.150","47.300","45.820","204.45K","-2.49%"
"18.12.2020","47.410","46.990","47.830","46.990","2.58M","0.68%"
"17.12.2020","47.090","46.820","48.140","46.820","2.26M","-0.47%"
"16.12.2020","47.310","47.150","47.390","46.740","1.19M","0.79%"
"15.12.2020","46.940","47.020","47.260","46.200","3.94M","-0.11%"
"14.12.2020","46.990","47.650","47.740","46.650","719.06K","-0.99%"
"11.12.2020","47.460","47.000","47.610","46.620","2.74M","1.41%"
"10.12.2020","46.800","46.560","46.950","46.010","3.15M","0.65%"
"09.12.2020","46.500","46.710","46.710","46.050","1.73M","-0.28%"
"08.12.2020","46.630","45.480","46.770","45.390","3.13M","2.64%"
"07.12.2020","45.430","45.150","45.790","45.050","1.17M","0.62%"
"04.12.2020","45.150","46.710","46.790","45.040","885.47K","-3.11%"
"03.12.2020","46.600","46.230","46.800","46.130","1.35M","1.02%"
"02.12.2020","46.130","45.050","46.330","45.000","769.10K","2.74%"
"01.12.2020","44.900","45.820","46.180","44.710","1.04M","-1.79%"
"30.11.2020","45.720","46.190","46.200","45.400","1.87M","-1.23%"
"27.11.2020","46.290","47.000","47.000","46.110","1.44M","-1.51%"
"26.11.2020","47.000","47.000","47.210","46.620","221.65K","-0.15%"
"25.11.2020","47.070","46.060","47.230","46.060","924.27K","1.05%"
"24.11.2020","46.580","47.240","47.500","46.240","2.85M","-1.19%"
"23.11.2020","47.140","46.600","47.200","46.500","956.50K","1.49%"
"20.11.2020","46.450","46.200","46.600","46.200","713.71K","0.72%"
"19.11.2020","46.120","46.300","46.940","45.720","928.92K","-0.28%"
"18.11.2020","46.250","45.560","46.490","45.560","2.26M","1.72%"
"17.11.2020","45.470","46.230","46.440","45.380","1.30M","-0.68%"
"13.11.2020","45.780","46.660","46.660","44.980","1.04M","-1.31%"
"12.11.2020","46.390","46.710","47.140","46.170","635.42K","-0.28%"
"11.11.2020","46.520","47.010","47.970","46.200","1.62M","-0.85%"
"10.11.2020","46.920","46.990","48.080","46.660","764.35K","0.58%"
"09.11.2020","46.650","49.000","49.490","46.180","1.43M","-4.25%"
"06.11.2020","48.720","48.130","48.940","48.060","1.02M","1.14%"
"05.11.2020","48.170","45.760","49.700","45.750","1.33M","5.36%"
"04.11.2020","45.720","43.960","45.840","43.960","567.57K","4.24%"
"03.11.2020","43.860","43.020","44.240","42.610","1.33M","1.72%"
"30.10.2020","43.120","43.720","43.720","42.490","910.31K","-1.60%"
"29.10.2020","43.820","43.360","44.000","42.600","470.56K","1.55%"
"28.10.2020","43.150","43.690","43.840","42.520","941.93K","-2.07%"
"27.10.2020","44.060","44.810","45.000","43.800","552.50K","-1.76%"
"26.10.2020","44.850","45.330","45.480","44.710","970.05K","-1.17%"
"23.10.2020","45.380","46.250","46.250","45.300","681.33K","-1.86%"
"22.10.2020","46.240","46.140","46.430","45.290","2.39M","0.43%"
"21.10.2020","46.040","46.230","46.570","45.500","1.83M","-0.43%"
"20.10.2020","46.240","46.530","46.900","46.000","537.92K","-0.79%"
"19.10.2020","46.610","46.300","46.820","46.080","404.10K","1.11%"
"16.10.2020","46.100","45.500","46.300","45.500","1.77M","0.81%"
"15.10.2020","45.730","47.190","48.170","45.500","736.20K","-3.50%"
"14.10.2020","47.390","49.880","50.000","47.000","734.82K","-4.76%"
"13.10.2020","49.760","49.710","50.180","49.420","645.23K","0.04%"
"12.10.2020","49.740","49.550","49.900","49.430","474.18K","0.63%"
"09.10.2020","49.430","49.170","50.100","49.160","407.16K","0.55%"
"08.10.2020","49.160","50.060","50.060","48.600","597.00K","-1.54%"
"07.10.2020","49.930","51.080","51.690","49.230","541.65K","-2.06%"
"06.10.2020","50.980","48.320","51.800","48.320","1.02M","5.57%"
"05.10.2020","48.290","50.130","50.470","47.750","336.99K","-3.11%"
"02.10.2020","49.840","51.410","51.680","49.360","624.52K","-4.06%"
"01.10.2020","51.950","50.210","52.170","50.210","1.83M","3.67%"
"30.09.2020","50.110","48.760","50.590","48.270","1.14M","2.77%"
"29.09.2020","48.760","48.080","49.700","48.070","885.69K","1.63%"
"28.09.2020","47.980","47.130","48.630","47.130","7.27M","2.02%"
"25.09.2020","47.030","47.290","47.460","46.310","360.25K","-0.76%"
"24.09.2020","47.390","46.570","48.980","45.670","656.81K","1.98%"
"23.09.2020","46.470","45.490","46.870","45.310","599.40K","1.93%"
"22.09.2020","45.590","45.210","45.720","45.100","800.25K","1.00%"
"21.09.2020","45.140","47.850","48.000","45.000","708.58K","-5.47%"
"18.09.2020","47.750","47.560","48.400","46.830","1.69M","0.61%"
"17.09.2020","47.460","47.110","47.720","46.500","1.15M","0.94%"
"15.09.2020","47.020","47.150","47.600","46.510","1.27M","-0.06%"
"14.09.2020","47.050","46.500","47.250","46.500","424.55K","1.40%"
"11.09.2020","46.400","47.830","47.980","46.170","683.21K","-2.99%"
"10.09.2020","47.830","47.120","49.000","46.540","1.33M","2.07%"
"09.09.2020","46.860","46.090","48.700","45.580","3.79M","1.89%"
"08.09.2020","45.990","45.480","46.560","45.480","809.79K","1.61%"
"07.09.2020","45.260","45.460","45.460","45.100","27.37K","-0.24%"
"04.09.2020","45.370","46.270","46.270","45.040","831.43K","-1.95%"
"03.09.2020","46.270","46.630","46.630","45.010","877.68K","-0.98%"
"02.09.2020","46.730","46.830","47.590","46.000","824.84K","0.73%"
"01.09.2020","46.390","46.430","46.700","45.330","1.33M","0.63%"
"31.08.2020","46.100","46.470","46.480","45.000","1.06M","-0.80%"
"28.08.2020","46.470","45.770","46.750","45.560","293.42K","1.66%"
"27.08.2020","45.710","46.060","46.740","45.600","1.25M","-0.61%"
"26.08.2020","45.990","46.400","46.540","45.380","1.19M","-0.65%"
"25.08.2020","46.290","45.540","46.530","45.260","989.01K","2.10%"
"24.08.2020","45.340","47.100","47.100","45.250","359.57K","-3.22%"
"21.08.2020","46.850","47.110","47.110","46.650","893.66K","-0.68%"
"20.08.2020","47.170","47.380","47.380","46.200","621.55K","-0.34%"
"19.08.2020","47.330","45.000","47.480","45.000","1.33M","5.06%"
"18.08.2020","45.050","45.760","46.000","44.790","862.16K","-1.34%"
"17.08.2020","45.660","47.060","47.450","45.510","1.02M","-3.10%"
"14.08.2020","47.120","47.000","47.970","46.770","858.97K","0.32%"
"13.08.2020","46.970","48.280","48.680","46.710","919.73K","-2.67%"
"12.08.2020","48.260","51.000","51.000","48.020","1.03M","-5.04%"
"11.08.2020","50.820","50.420","51.040","50.420","1.74M","0.99%"
"10.08.2020","50.320","50.680","50.730","50.160","855.28K","-0.57%"
"07.08.2020","50.610","49.780","52.130","49.380","1.09M","1.73%"
"06.08.2020","49.750","49.790","50.000","48.900","1.16M","0.24%"
"05.08.2020","49.630","48.370","50.430","48.370","1.65M","2.41%"
"04.08.2020","48.460","46.680","49.870","46.680","1.55M","4.71%"
"03.08.2020","46.280","45.610","46.550","45.420","430.25K","3.03%"
"31.07.2020","44.920","45.110","45.810","44.070","1.22M","-0.22%"
"30.07.2020","45.020","45.080","46.010","44.250","1.51M","0.49%"
"29.07.2020","44.800","44.550","46.450","44.250","632.69K","0.56%"
"28.07.2020","44.550","45.600","45.650","43.720","2.26M","-1.46%"
"27.07.2020","45.210","45.490","45.550","44.850","463.64K","0.02%"
"24.07.2020","45.200","45.000","45.770","44.600","1.14M","0.96%"
"23.07.2020","44.770","45.160","45.610","43.930","758.03K","-0.64%"
"22.07.2020","45.060","44.790","46.500","44.250","1.60M","0.56%"
"21.07.2020","44.810","42.990","46.870","42.710","1.53M","4.48%"
"20.07.2020","42.890","42.520","43.110","42.500","485.57K","0.87%"
"17.07.2020","42.520","42.600","42.950","42.300","655.21K","0.16%"
"16.07.2020","42.450","43.840","43.840","42.270","825.40K","-3.15%"
"15.07.2020","43.830","44.000","44.100","43.040","628.59K","0.62%"
"14.07.2020","43.560","42.770","44.450","42.280","1.57M","2.42%"
"13.07.2020","42.530","42.610","43.980","42.270","451.06K","0.33%"
"10.07.2020","42.390","43.070","43.070","42.110","1.09M","-1.35%"
"09.07.2020","42.970","43.250","43.340","42.620","935.59K","-0.85%"
"08.07.2020","43.340","45.150","45.150","42.820","740.57K","-3.15%"
"07.07.2020","44.750","44.430","45.150","44.430","904.00K","0.61%"
"06.07.2020","44.480","44.510","44.850","43.900","5.63M","0.16%"
"03.07.2020","44.410","44.640","44.870","43.020","44.12K","0.45%"
"02.07.2020","44.210","43.210","44.970","43.050","943.68K","2.55%"
"01.07.2020","43.110","42.920","43.780","42.700","811.24K","0.21%"
"30.06.2020","43.020","42.670","43.550","42.520","4.23M","0.94%"
"29.06.2020","42.620","42.910","43.360","42.130","714.85K","-0.75%"
"26.06.2020","42.940","43.960","44.580","42.490","701.12K","-1.76%"
"25.06.2020","43.710","43.600","43.880","43.190","469.98K","0.48%"
"24.06.2020","43.500","43.610","44.070","42.890","591.98K","-1.09%"
"23.06.2020","43.980","43.710","44.980","43.250","698.22K","0.62%"
"22.06.2020","43.710","42.250","43.900","42.250","395.84K","2.32%"
"19.06.2020","42.720","42.830","44.970","42.500","3.74M","0.07%"
"18.06.2020","42.690","43.630","43.870","42.410","356.66K","-1.82%"
"17.06.2020","43.480","43.490","44.020","42.800","220.88K","0.60%"
"16.06.2020","43.220","44.320","45.150","42.800","438.53K","-1.66%"
"15.06.2020","43.950","43.015","44.190","42.030","","1.57%"
"12.06.2020","43.270","43.070","43.750","41.820","826.80K","0.70%"
"11.06.2020","42.970","43.200","44.120","42.510","1.45M","-1.83%"
"10.06.2020","43.770","43.150","44.450","43.040","554.80K","2.17%"
"09.06.2020","42.840","45.040","45.040","42.520","1.09M","-4.88%"
"08.06.2020","45.040","43.670","45.850","43.670","295.70K","3.42%"
"05.06.2020","43.550","43.520","45.820","43.500","1.27M","2.21%"
"04.06.2020","42.610","43.850","44.200","42.520","1.44M","-2.65%"
"03.06.2020","43.770","43.490","44.800","43.400","3.67M","0.88%"
"02.06.2020","43.390","42.920","44.790","42.820","870.05K","1.10%"
"01.06.2020","42.920","42.660","43.900","42.500","814.30K","1.01%"
"29.05.2020","42.490","42.570","42.750","41.090","1.78M","-0.42%"
"28.05.2020","42.670","42.660","43.230","42.260","381.73K","-0.21%"
"27.05.2020","42.760","42.730","43.030","42.410","1.77M","0.12%"
"26.05.2020","42.710","43.520","45.440","41.500","2.14M","-1.64%"
"25.05.2020","43.420","42.600","43.450","42.600","184.82K","2.89%"
"22.05.2020","42.200","41.500","42.730","40.530","624.21K","2.40%"
"21.05.2020","41.210","41.180","41.500","41.020","450.57K","-0.82%"
"20.05.2020","41.550","41.400","42.480","40.130","347.88K","0.53%"
"19.05.2020","41.330","41.340","42.010","41.000","604.38K","0.22%"
"18.05.2020","41.240","40.500","41.720","40.500","1.06M","2.74%"
"15.05.2020","40.140","40.770","40.840","39.580","908.46K","-2.15%"
"14.05.2020","41.020","40.840","41.360","40.140","650.37K","0.20%"
"13.05.2020","40.940","41.500","42.890","40.450","1.56M","-5.84%"
"12.05.2020","43.480","43.810","43.810","43.300","1.14M","-0.53%"
"11.05.2020","43.710","43.780","44.000","43.380","1.90M","-0.32%"
"08.05.2020","43.850","44.230","45.500","43.250","4.27M","-0.43%"
"07.05.2020","44.040","45.170","45.510","43.520","648.77K","-2.57%"
"06.05.2020","45.200","42.870","46.430","42.870","318.16K","5.19%"
"05.05.2020","42.970","42.750","43.280","41.900","292.43K","1.11%"
"04.05.2020","42.500","43.500","43.500","41.900","686.77K","-2.92%"
"30.04.2020","43.780","44.670","44.670","42.040","630.21K","-2.21%"
"29.04.2020","44.770","43.200","46.570","42.980","1.76M","4.09%"
"28.04.2020","43.010","42.950","43.200","42.450","1.42M","1.20%"
"27.04.2020","42.500","42.210","43.340","42.210","864.09K","1.19%"
"24.04.2020","42.000","41.700","42.500","39.510","778.57K","1.35%"
"23.04.2020","41.440","41.400","42.200","40.750","793.11K","0.85%"
"22.04.2020","41.090","39.310","43.110","39.310","2.64M","7.12%"
"21.04.2020","38.360","38.420","38.600","38.010","3.53M","-0.78%"
"20.04.2020","38.660","38.190","39.600","37.500","930.20K","0.97%"
"17.04.2020","38.290","38.590","39.000","37.920","510.78K","1.03%"
"16.04.2020","37.900","37.240","38.990","37.000","936.21K","3.10%"
"15.04.2020","36.760","37.200","37.880","36.310","2.36M","-1.71%"
"14.04.2020","37.400","37.180","37.860","36.790","1.44M","1.99%"
"13.04.2020","36.670","37.750","37.750","36.020","198.30K","-2.91%"
"08.04.2020","37.770","36.380","38.310","35.210","606.98K","4.51%"
"07.04.2020","36.140","38.950","39.370","34.930","758.16K","-6.01%"
"06.04.2020","38.450","34.500","39.900","34.500","333.07K","14.43%"
"03.04.2020","33.600","34.230","34.970","32.720","1.36M","-0.62%"
"02.04.2020","33.810","33.460","36.990","33.460","464.87K","1.35%"
"01.04.2020","33.360","35.490","35.490","33.000","733.93K","-7.95%"
"31.03.2020","36.240","36.950","38.000","35.300","1.10M","0.30%"
"30.03.2020","36.130","37.080","37.080","34.630","205.81K","-0.47%"
"27.03.2020","36.300","37.380","37.800","35.840","1.04M","-4.80%"
"26.03.2020","38.130","35.060","39.610","33.000","2.04M","9.32%"
"25.03.2020","34.880","29.100","36.270","29.100","2.34M","21.58%"
"24.03.2020","28.690","33.740","34.850","28.270","1.76M","-11.72%"
"23.03.2020","32.500","34.000","34.130","32.160","630.04K","-5.05%"
"20.03.2020","34.230","37.050","37.150","33.800","2.18M","-8.13%"
"19.03.2020","37.260","36.500","37.500","31.020","1.39M","2.28%"
"18.03.2020","36.430","39.520","43.270","35.580","1.28M","-8.63%"
"17.03.2020","39.870","38.500","41.690","36.200","1.49M","1.35%"
"13.03.2020","39.340","38.020","41.990","37.200","1.14M","3.83%"
"12.03.2020","37.890","41.990","41.990","35.410","1.51M","-5.68%"
"11.03.2020","40.170","41.070","41.300","40.000","2.09M","-2.95%"
"10.03.2020","41.390","40.630","42.500","40.160","1.28M","4.26%"
"09.03.2020","39.700","39.400","41.090","38.590","1.08M","-3.99%"
"06.03.2020","41.350","41.730","41.920","40.520","969.60K","-0.91%"
"05.03.2020","41.730","43.250","44.190","40.750","2.75M","-3.78%"
"04.03.2020","43.370","43.340","44.050","42.710","904.05K","0.07%"
"03.03.2020","43.340","43.000","44.660","42.700","1.31M","1.24%"
"02.03.2020","42.810","41.770","43.080","41.510","916.00K","2.96%"
"28.02.2020","41.580","42.040","42.040","40.650","852.96K","-2.83%"
"27.02.2020","42.790","43.540","43.540","41.310","1.72M","-2.28%"
"26.02.2020","43.790","45.400","46.610","43.530","1.48M","-3.46%"
"25.02.2020","45.360","45.730","46.900","45.020","908.47K","-0.55%"
"24.02.2020","45.610","45.270","46.340","44.340","4.57M","-0.35%"
"21.02.2020","45.770","45.110","46.100","44.800","784.63K","1.71%"
"20.02.2020","45.000","44.930","45.700","44.310","2.37M","0.36%"
"19.02.2020","44.840","44.130","45.700","43.950","1.98M","1.84%"
"18.02.2020","44.030","44.470","44.470","43.660","101.46K","-0.92%"
"17.02.2020","44.440","43.900","44.900","43.900","204.89K","1.35%"
"14.02.2020","43.850","43.730","44.080","43.310","342.05K","0.50%"
"13.02.2020","43.630","42.800","43.850","42.250","158.67K","1.84%"
"12.02.2020","42.840","43.060","43.620","42.580","2.07M","-0.30%"
"11.02.2020","42.970","43.740","45.700","42.600","719.13K","-1.60%"
"10.02.2020","43.670","42.880","43.950","42.400","409.28K","1.89%"
"07.02.2020","42.860","43.370","43.370","42.220","839.68K","-1.18%"
"06.02.2020","43.370","42.850","44.000","42.110","1.13M","1.24%"
"05.02.2020","42.840","43.460","43.610","41.910","761.14K","-1.22%"
"04.02.2020","43.370","43.520","43.750","43.000","1.03M","-0.34%"
"31.01.2020","43.520","42.670","44.000","41.850","512.50K","1.75%"
"30.01.2020","42.770","42.300","43.300","41.310","683.77K","1.18%"
"29.01.2020","42.270","42.400","42.450","41.830","1.34M","-0.12%"
"28.01.2020","42.320","42.150","42.790","41.550","148.35K","0.19%"
"27.01.2020","42.240","42.310","42.890","41.480","567.27K","-1.65%"
"24.01.2020","42.950","43.500","44.200","42.710","647.16K","-1.20%"
"23.01.2020","43.470","43.310","44.000","42.650","346.67K","0.53%"
"22.01.2020","43.240","43.040","43.450","42.810","413.27K","0.49%"
"21.01.2020","43.030","42.850","43.290","42.310","817.59K","0.23%"
"20.01.2020","42.930","43.100","43.100","42.810","251.16K","-0.16%"
"17.01.2020","43.000","42.550","43.140","42.290","1.01M","1.11%"
"16.01.2020","42.530","42.060","43.000","42.060","441.77K","1.36%"
"15.01.2020","41.960","42.780","42.970","41.750","793.04K","-2.15%"
"14.01.2020","42.880","42.000","43.000","41.830","1.99M","2.22%"
"13.01.2020","41.950","42.000","42.490","41.870","541.49K","-0.05%"
"10.01.2020","41.970","42.100","42.600","41.820","440.73K","-0.24%"
"09.01.2020","42.070","42.180","42.680","41.800","555.09K","-0.21%"
"08.01.2020","42.160","42.000","42.580","41.780","722.75K","0.29%"
"07.01.2020","42.040","41.710","42.340","41.600","439.53K","0.86%"
"06.01.2020","41.680","42.040","42.340","41.520","535.09K","-0.62%"
"03.01.2020","41.940","42.740","42.740","41.440","401.38K","-2.10%"
"02.01.2020","42.840","41.530","43.370","41.530","237.17K","3.63%"